[{"id":1,"name":"Wireless Bluetooth Headphones","category":"Electronics","price":59.99,"stock":120,"rating":4.5},{"id":2,"name":"Organic Green Tea","category":"Beverages","price":15.49,"stock":200,"rating":4.7},{"id":3,"name":"Running Shoes","category":"Footwear","price":89.99,"stock":75,"rating":4.3},{"id":4,"name":"Stainless Steel Water Bottle","category":"Accessories","price":24.99,"stock":150,"rating":4.6},{"id":5,"name":"Smart LED Light Bulb","category":"Home Automation","price":12.99,"stock":300,"rating":4.2},{"id":6,"name":"Yoga Mat","category":"Fitness","price":29.99,"stock":95,"rating":4.4},{"id":7,"name":"Electric Kettle","category":"Kitchen Appliances","price":45,"stock":60,"rating":4.1},{"id":8,"name":"Portable Phone Charger","category":"Electronics","price":34.99,"stock":180,"rating":4.5},{"id":9,"name":"Leather Wallet","category":"Accessories","price":39.99,"stock":85,"rating":4},{"id":10,"name":"Noise Cancelling Earbuds","category":"Electronics","price":79.99,"stock":110,"rating":4.3},{"id":"12","name":"tot","category":"tot","price":"rw","stock":"ewd","rating":"das"},{"id":"12","name":"12","category":"","price":"12cs","stock":"dw","rating":"sc"},{"id":"12","name":"21","category":"12","price":"12","stock":"12","rating":"12"},{"id":"33","name":"33","category":"33","price":"33","stock":"33","rating":"33"}]